UserID,UserEmail,UserName,Password
1855397,smccleary0@bing.com,aouver0,FKFg9bMR
4212032,cgrattage1@liveinternet.ru,gzima1,8hH0eY
5631890,mswindley2@mapquest.com,erupp2,sl3ynvZVN
8024158,bhurrion3@fastcompany.com,asimounet3,7elTeUOEIeZ
7689953,lrevan4@github.com,vheffron4,itNoggW2r5BS
5740313,lliverseege5@biblegateway.com,mlamke5,cQI0sN2
602210,dbrumpton6@google.co.uk,cstennes6,i7xC3e6SucIE
8241766,dmeneghi7@youtu.be,sbott7,m6WdMvtmk
217190,bsuddell8@bigcartel.com,srief8,tQrjPIACb
7715027,kwignall9@addthis.com,rsinnett9,sciACUH
3243977,ecrosfelda@tripod.com,landrewarthaa,FsuDoOOeUl
7286270,lpenninib@tiny.cc,gsantob,KXgJEcFFRQ4D
7924525,twraggsc@omniture.com,amatsonc,bpkCOWCYC2S
1847336,bolekhovd@dot.gov,spolglased,mlcV6j
6826744,dwickendene@opensource.org,jellwelle,vJLn2Or3
6750018,tstirripf@nationalgeographic.com,kbraneyf,HObx0Ee
8302266,crekesg@youku.com,llittleyg,xBol61fg16
4214883,mphilipssonh@canalblog.com,gmonaghanh,1fikyLb4eBr
3014051,btibbettsi@csmonitor.com,bmonahani,dUIRBu9hLN
1602100,ekennefickj@wiley.com,bhendrichsj,eXunRd
2032420,pkleinertk@twitpic.com,mrainek,DxqaWVm
4576544,lfettersl@naver.com,bwattsl,ocBP4oNhS7
3049815,kklischm@forbes.com,hsnalomm,Zhxkh1
3887941,lcringlen@macromedia.com,zjelln,pfE8NRoWk
6781739,kklessmanno@alexa.com,fgurleyo,3gmTa0qW
4203703,jsleafordp@wordpress.org,kthorntonp,p3FG1ZXb
7115255,tadcocksq@google.co.uk,kpanchinq,BReN6qh1
8329856,gpigginsr@wix.com,halnerr,2crTF4
3889230,kmcgilvarys@newsvine.com,gjorgesens,ruIH6o8r
5278414,mealest@cnbc.com,aeskrickt,4Yz8rk
899070,pwarrilowu@google.cn,vweinsu,sGyMqsOLy8d
4054945,dtatersalev@home.pl,kfarresv,IMOOVzxibH
7073310,gbicknellw@amazon.co.uk,chugonnetw,hQVrTGwxrc5
3097240,tbradnamx@mayoclinic.com,wleelx,rrIr0Z
3669498,tknelleny@e-recht24.de,rminersy,ohMyDPNjxMn
2944854,vboyntonz@w3.org,ccoweuppez,YPHJ1t
3148254,rshawyers10@dagondesign.com,scoyle10,lc4XjmU
4336055,bkornilov11@ca.gov,jcorss11,AZdVvKC
8773400,hdikes12@hubpages.com,bbatterson12,c7vJcKHRkezZ
6313661,mgierck13@creativecommons.org,cyearron13,tOCagLG
1471635,gbakesef14@dion.ne.jp,jdecleen14,iurtPPElh
6817372,gattkins15@mysql.com,snewbold15,ald9EFBU
6361511,dsenchenko16@ocn.ne.jp,klevicount16,UIn8q7ucsHrN
5247548,dgolbourn17@dropbox.com,bpettwood17,A3rwI09U
8791737,cbazoche18@mlb.com,bcolborn18,aIeKOHlPEcUr
3025600,rbesantie19@imdb.com,ugetcliff19,Jgqpbo4IVQZv
1013561,dcaird1a@a8.net,bnibley1a,f9LGTTMYVcw
7422151,mbarnardo1b@shop-pro.jp,bdeleek1b,uUh96tp
3621476,btubritt1c@sakura.ne.jp,qbrownrigg1c,kwu5UjgU
7617570,fdossett1d@salon.com,kupham1d,0kdwGLRrlhL
1472248,asutlieff1e@newyorker.com,elalor1e,vLXphCYU
4594587,cpetkens1f@usa.gov,tbrettle1f,FqYndNz
1949066,mbirdseye1g@lycos.com,mcancutt1g,qWYuNraP
5675874,fluter1h@globo.com,dthynne1h,zTfmZj0KMLy
3755044,akos1i@weather.com,dkaret1i,8RCNL0gXn6
7656495,vlong1j@chronoengine.com,sdeamaya1j,fdNq4HKaKi
8868960,lsommerlie1k@gmpg.org,jjewise1k,EL47o5
2078736,dgroven1l@examiner.com,sharnott1l,6dfMptEz
5729116,mcosgrove1m@cocolog-nifty.com,lferrick1m,yDuQvGoo4
7113871,sodowling1n@ocn.ne.jp,gjedrachowicz1n,Zra2fXx7DBt
2322857,hjursch1o@delicious.com,vchurchin1o,MmNMYmADaFCo
7761268,gfine1p@un.org,pduckit1p,sWNpp8Rry8
393206,ajarred1q@clickbank.net,cjarnell1q,BLieJjBt
1514267,awallett1r@time.com,aellingworth1r,obFvbqfC7Y87
4700674,kgroom1s@spotify.com,apugsley1s,P76JK1c3bq
6604473,ebasilio1t@godaddy.com,pdevoy1t,oPwqxae75jzY
8014398,dswain1u@myspace.com,acursons1u,gsRH6uT
474751,dscatchard1v@theatlantic.com,jcobbled1v,HWkkOwt3l
2643468,ejugging1w@nydailynews.com,lboydle1w,V7jPJtmI
7882736,hfellows1x@sakura.ne.jp,imoreinis1x,CxM4TzZCaEv
8116908,aubanks1y@amazon.co.jp,ghasted1y,CsZevndePtZ
5647484,dcomettoi1z@networkadvertising.org,hgascone1z,gUlVPg0Tdr
233784,brodgerson20@tumblr.com,jjoannidi20,KZlktJ5RHCGA
5123355,cshuttlewood21@census.gov,kluca21,d7qjra
4275304,mraikes22@bing.com,gratray22,Qsh19YoPC
3903938,crowen23@hud.gov,cbroxton23,6nmfHa7C9UES
7634252,fboor24@examiner.com,maggett24,PsBqVg
4452271,radamiec25@yale.edu,lbricket25,u1ryt5W8
6808178,falebrooke26@walmart.com,ghatton26,Cuh3IZtYjYk
8803642,lduigenan27@time.com,sbentall27,naatPL8
7043512,bkivlin28@yale.edu,avaud28,CEvTz26x
6522089,kparton29@devhub.com,cdawton29,JtoRzZS2
2795328,amcmanamen2a@goo.gl,jfedorski2a,uifYAamh2KR0
5776114,akobiela2b@posterous.com,opendrick2b,rm2d2iy4Dc7F
8931469,wschoolcroft2c@cdc.gov,jwingfield2c,djSWv7WxNniG
7231841,pblankhorn2d@senate.gov,jkilmaster2d,lD96YbmsS6
1316181,sgreenham2e@sohu.com,tnesbitt2e,lEqVQ5C3
2816090,xcolter2f@washingtonpost.com,pabilowitz2f,2TEKn3j
5374674,hdunmore2g@acquirethisname.com,gcooke2g,vHHjt3k5lh
4335533,jlarner2h@indiatimes.com,rdambrogio2h,i9ImPNJx
5605075,cjotcham2i@macromedia.com,rhearl2i,0M8CqFb4P
7000049,vradborn2j@hud.gov,dsiege2j,b7Oz8gjfj
4557166,chrachovec2k@networksolutions.com,jblondelle2k,inwNLBKkumi
1555722,kstripling2l@independent.co.uk,nbhar2l,GMjeLqSOEec
4612214,bbazelle2m@mac.com,mbooler2m,22higAa
7349020,astrongman2n@reddit.com,shenkmann2n,FLZioAm
3421161,dcorteney2o@meetup.com,hslowcock2o,hcJ3VLpX6
8172048,dfrude2p@hatena.ne.jp,ehulkes2p,F3vyDeAoCW
8414929,rbirmingham2q@nationalgeographic.com,dlink2q,tYvt6mtZX40e
4704858,tbuxam2r@whitehouse.gov,cshakespeare2r,oNKS5vFOj8b
2301563,gfaughnan2s@barnesandnoble.com,vcremer2s,5Nxuvpl
7005683,lstimpson2t@dagondesign.com,dcattermole2t,OVcmagJTc5n
8035276,cstaterfield2u@huffingtonpost.com,dtrineman2u,stWIbMhUgO
3319711,jbaynon2v@cmu.edu,wlumsdall2v,qSYtfgQFb
4841498,mmintram2w@apple.com,mpirrone2w,yDQyEe1iN
5054654,eewebank2x@marriott.com,veddowes2x,jxYMjj
2601964,npoyser2y@buzzfeed.com,pdungate2y,n2jci8Br8WcL
2150696,jstannah2z@irs.gov,aremmers2z,D0y73dNHJPJ
6407707,mdilley30@freewebs.com,psharrocks30,y0ZxC4qQM
7430683,abenettolo31@goo.ne.jp,vbrea31,zFUqjfIB3
2205279,eforsdyke32@dagondesign.com,bkendle32,8Q5wUEs8Fww
2174336,mdyment33@themeforest.net,acunniffe33,aMKP9tlzhNS
8736524,vwiggett34@toplist.cz,nbisacre34,SyaEn1oOk5
4714549,arassmann35@google.ru,mmerner35,Ju2JMnna
7460087,dgyles36@cafepress.com,dskehens36,R3IuNjiI
3180898,acuncarr37@dion.ne.jp,rkislingbury37,58bjlPMg
5002487,cbarbie38@issuu.com,lgerald38,UNs7WNN9w
2573384,gcervantes39@sourceforge.net,smackissack39,auir0uLz
3284514,pavery3a@comsenz.com,nmcquaide3a,Yw9cEj2UxBD
4171551,acollinette3b@narod.ru,jbront3b,rWa5cullZ
2157997,dmooring3c@4shared.com,mnore3c,ILmxSchnF1bI
4063174,gcasbolt3d@jiathis.com,degar3d,5lan02esR
4247431,tjanowicz3e@sakura.ne.jp,ebrough3e,SqCZi037639
7805801,pkynoch3f@time.com,bfarfull3f,lnP9x3C
3017917,ggamlin3g@people.com.cn,cnollet3g,JPsZK3h6tA
8642783,krichmont3h@flickr.com,rbilliard3h,tIDlP2K4W8rH
2508645,ncowill3i@liveinternet.ru,lbedwell3i,PAUyHq2f6u
5745970,rbezzant3j@canalblog.com,nkinman3j,LhaOxtYQWsSI
6251407,hbuttler3k@nydailynews.com,fsans3k,1CNsamJHZez
5727619,kmarriage3l@cyberchimps.com,bshowalter3l,Dh0tNvY4mt
1816586,lszubert3m@ustream.tv,meick3m,pf54E3S4
4401509,mclemintoni3n@yellowpages.com,frotham3n,G5z69vOcRhf0
8006302,sbouts3o@networkadvertising.org,oince3o,1tR05BNbua
4884179,cchable3p@answers.com,rragsdall3p,QoDkFhVPUCE
3331753,myalden3q@squidoo.com,arhymer3q,I67ZBMq
4774763,rfazackerley3r@mapy.cz,pvasilik3r,PtZjlDMMJX
5725375,mlovell3s@wikipedia.org,dfransson3s,7ZRGXRYzpKg
2826370,gcampelli3t@geocities.com,sshevill3t,IaKaauSGBp8
6858973,xjorck3u@gravatar.com,sidell3u,HsVwq4zZgBkr
1774959,cstairs3v@odnoklassniki.ru,bmacgray3v,OuzWAY
1462134,rbentinck3w@51.la,groyl3w,mhXlh9
2106423,chargitt3x@moonfruit.com,csanzio3x,Mp3Xz1KTzz
1842792,cvoysey3y@google.ca,wnials3y,Apw1JO42n
4537578,sivashin3z@illinois.edu,rcrotty3z,3FV13b
5949402,dgreenhall40@goo.gl,mciobotaru40,mLlH5dY
2302721,klonergan41@multiply.com,kwhitland41,KXMvwu
5949208,okelf42@bbc.co.uk,zaudry42,f51ZOj6myf
3403823,brobuchon43@infoseek.co.jp,ccattle43,4D8X3cC2p7MT
4487444,tcolville44@ebay.com,mmaffey44,6qzqkOsAL4EP
5984006,msimoneau45@dailymail.co.uk,lbenadette45,R1hc2vfPoPr
5769921,wmuldownie46@newsvine.com,cferrettini46,rSRSFjtReTb
7079451,idurnin47@ftc.gov,nwillis47,bGpUAsg
2532482,gsweetmore48@mozilla.org,dgloves48,fnvWoF1Woj
6413147,jdraude49@blog.com,mcarwithan49,zeufSAkR
6070230,kmcsweeney4a@arizona.edu,mchaulk4a,T382iKIv
1468081,mgianulli4b@theglobeandmail.com,dmyring4b,2HaVhq46
1499372,tgrew4c@quantcast.com,kjosefovic4c,txWElccILK
4647404,nmowett4d@home.pl,gnicklen4d,XibM0njNxE
604290,dgylle4e@dell.com,cworner4e,ehPY1aPsR
3909494,agillett4f@blogspot.com,zshafe4f,9lz1GH
4547281,wtopping4g@amazon.co.uk,bharte4g,jDujN1D
7038041,jfursland4h@youtu.be,ldable4h,6QYyMePt
2455902,etarling4i@vistaprint.com,jdaveran4i,f6Jzde
3800025,hrodwell4j@so-net.ne.jp,bmilhench4j,DaNqhsTrAGw
8154094,xstannard4k@uiuc.edu,mbriskey4k,DIR4WMiMbU1
8845342,ksaile4l@w3.org,chanselman4l,heacq6T
1660793,jstevings4m@smugmug.com,gartus4m,1BmzI3
8924800,dshortland4n@i2i.jp,mzoellner4n,w8pptxT
5060816,dbrakespear4o@facebook.com,ocallum4o,VmiRpyA
5963038,sjillions4p@oakley.com,tpietruszka4p,ni5qraGmZ
2322902,nbartolijn4q@mediafire.com,lmckeand4q,RSNIJt
5678658,pgreenin4r@digg.com,aaysik4r,rZ6mZnSY
8111677,aamoore4s@unblog.fr,acarruthers4s,FMpG965Xnl
314941,ewhal4t@cbc.ca,nchoffin4t,otyZhD
1328172,dstrelitzki4u@lycos.com,rdubarry4u,aXkIgAcmt
6079810,omcdell4v@domainmarket.com,swigmore4v,DnCsCDSV
4177407,aduberry4w@cocolog-nifty.com,khuntly4w,8EL9cF5RaE
1069565,tlouys4x@jalbum.net,ascarlin4x,yyySmM
8756925,zmontez4y@wsj.com,aridge4y,SwSfvnBuZ
3470689,krouth4z@auda.org.au,gsantus4z,6hWIQ6Pln
2427564,rpilley50@soundcloud.com,ewinskill50,KScv2vW
8167428,pclowton51@goodreads.com,sedwins51,qRl8rW7
1629840,tdoorey52@bloglovin.com,lpaddefield52,6yS5hIlx
1083650,sharvard53@unicef.org,dpeascod53,VL8dabPXy8B
316939,adubber54@dedecms.com,wmatteoli54,AuOpeW2GDpW
8742250,vgallihaulk55@narod.ru,rhuckleby55,RWc47Eo76
6986726,wdicey56@cdbaby.com,nodonnelly56,dOR0R0d
2772481,ndowdeswell57@cornell.edu,rserrels57,ZoCSIaB2D
7260113,tvenney58@bigcartel.com,tpreddle58,oTftM0uw4DP
3363612,amehmet59@acquirethisname.com,lbuesnel59,xW9oPLm6s
699088,colennane5a@mayoclinic.com,ktudhope5a,VFQKAEN
6341360,awallen5b@about.me,fcopping5b,Jhukbw4
6195107,csouza5c@toplist.cz,gpegden5c,qorRp1
6626752,fdohmer5d@skyrock.com,aellerman5d,gFRC5BpEf8A
3690796,vrosenhaus5e@csmonitor.com,pschwandermann5e,Ww92DiuYWJ6
5205447,enutton5f@weebly.com,erenfree5f,C0moO1ZP
7383878,avella5g@purevolume.com,aheinzel5g,heVV0P
2157985,ttunesi5h@csmonitor.com,supjohn5h,3wJfEzTN
8337891,bskakunas5i@mediafire.com,cheinz5i,JLHe5RH
7766628,ktamlett5j@vinaora.com,ascobbie5j,WZ7Zm0hqk
