5448530,cburner0@twitter.com,spurchall0,rL7PjgLIz
5067065,smollene1@live.com,jswede1,TlEuzPzO
1610179,eprowse2@goo.gl,svail2,PsZbD7gk
8882809,ascotcher3@blog.com,ablondelle3,QTaKW1fJbMQ1
7219440,opetric4@t.co,mrouge4,cjOxFkOL
4176118,godonohue5@people.com.cn,nmactrustey5,VwPLLQi
8347518,nwilkennson6@discuz.net,ilongina6,enEdApDa2rG
468086,shindes7@uol.com.br,sstille7,dumE45
6587077,gstrase8@google.es,jgoldthorp8,JKnlphXMd
2952778,hchetwynd9@twitpic.com,gvezey9,8OBPrjo
1907055,bsmidmoora@omniture.com,strehera,5lfBrytaSW
8551587,gshivlinb@uol.com.br,kgrisardb,PE270wnR
5287485,wteazc@ning.com,bgilliardc,5oqogDF
3042660,mpadwickd@merriam-webster.com,esoldnerd,5vKtjhG
547398,vhacone@who.int,mguivere,eRDCtJnu3I4z
2056694,kjendrichf@ucla.edu,mdesouzaf,cqYz7Zo
8835847,ccarlowg@domainmarket.com,bbestg,4BTWmvsK
8339917,tkinzelh@jiathis.com,kchateloth,3Sj9ukFlh
4620118,ffaulli@mlb.com,jvondraki,7fooRiRYjVb
2947655,broofej@cloudflare.com,coughj,e98WOhm4Oc3J
2186186,rtangyek@cbc.ca,hmatiasekk,a6e0NH4k
1088519,mcorryerl@newsvine.com,lmalpassl,RYGPNu
8249743,clevickm@smugmug.com,bjaquinm,9BJk86EXIg0H
6504249,lcurtoysn@de.vu,fcarrackn,ydwZG3Y
2422947,sellikero@cbsnews.com,cbuddleigho,v3UwPCLLRb
8532732,omonkemanp@youtu.be,srumkep,ZkFzkre8
4326438,rsansomeq@networkadvertising.org,dcreasyq,6jwCSKlShh
5131795,bsiburnr@netlog.com,ggianullir,tyHBqz
1921447,svedikhovs@prnewswire.com,mmoras,ZSwCHrCKA
8274868,tnevittt@kickstarter.com,rtomasinot,iHDVmSXYLG
7426568,rmockleru@nydailynews.com,dlodewicku,HunEIVwaBLxb
8609607,enicholsonv@sitemeter.com,egashv,NjfMQqlMAw
1787902,lclemencew@github.com,mvansalzbergerw,VROCNLDX5P
1902680,scesconx@ucoz.com,lhuzzayx,94zHVc3
3636449,fgatecliffey@timesonline.co.uk,glindblady,3EpnbPJPZW1
3984000,rcopelliz@bbc.co.uk,nironsidez,uXl68W
3183604,khonig10@forbes.com,bjosefsen10,FSKh7Ib
2255532,medgeworth11@clickbank.net,dheller11,4GVd7cvmrcnD
3343042,plozano12@mapquest.com,jmendenhall12,0Mg93P
704588,flosel13@lycos.com,gkeys13,YAPKmwgnffV
782543,sverny14@jalbum.net,akenneford14,N2u25tZAZSv
8837998,mberntsson15@dmoz.org,mcleeton15,X64fv9
7830434,rocuddie16@hatena.ne.jp,mcoraini16,EjXXCEdTTY
3016000,lmartine17@barnesandnoble.com,bnickerson17,nSKkcLdln
1501814,dcoghlan18@sina.com.cn,dferreras18,0ENkv3rCZ6MR
3212311,emallalieu19@nationalgeographic.com,lalwell19,mzmPCx6tx
5593846,cjosefer1a@psu.edu,traulston1a,LHrMeMzAi
8625065,nferraron1b@infoseek.co.jp,mpiatti1b,4yVIalcrj
3453738,kcaldicott1c@tiny.cc,omarti1c,mubkEamV
1420301,ceastcourt1d@ucoz.com,dbeswell1d,wOXdT2XWdC
7078058,rcrone1e@geocities.com,crosini1e,Rx1UM9F
3812546,mmarr1f@biglobe.ne.jp,jcosgrove1f,O3cLKE5hnCW
3976400,dcapelow1g@imageshack.us,ahonatsch1g,I2XJDmSX7Ubh
2733421,hpigdon1h@nbcnews.com,eallott1h,s7ZZs57f
2997808,dkassidy1i@livejournal.com,emcisaac1i,geQZ8Yb2IN
1420740,ycoalbran1j@salon.com,mandric1j,t8eGy14sBZG
3185148,dantonellini1k@google.pl,mkinchley1k,89WiKLWG
4455063,pbaglin1l@mayoclinic.com,sblitzer1l,1OEwWG5a
5489962,tburren1m@archive.org,anemchinov1m,TxyOuG
1398562,rlove1n@linkedin.com,msawdy1n,tKvoU0Zgvc
4527449,olackney1o@tamu.edu,jsteffan1o,3bZtoxngsVs
778929,lbedow1p@mac.com,dnelthropp1p,1Y12w5Q
8102936,icroshaw1q@unc.edu,blefort1q,sFf5tD
8179147,twodeland1r@cafepress.com,chuntress1r,4pX1z0PmFv
2532776,ihenrichsen1s@rediff.com,mverne1s,KaVDIQ8Lsu
7887627,ltyce1t@adobe.com,gcallender1t,DBlkNn1
3757855,mfatscher1u@smugmug.com,sfenelon1u,fNt4kpyPPSj
1916806,fdarell1v@livejournal.com,dgarry1v,EPNpv9Iau
8333229,tdidsbury1w@epa.gov,mivashchenko1w,IWKRPyWEJ
7487465,wgowdie1x@tmall.com,wsheeres1x,BxxXgE
4110134,amahaddy1y@fda.gov,kroyall1y,2gJwTnmVmUo
6593703,cgain1z@sina.com.cn,ishirrell1z,qpwSz5vtN
2379078,rsomerbell20@nsw.gov.au,hbarritt20,eM06liiHub
5322287,icampsall21@opensource.org,fpantone21,LTBNvkX
8063495,pitskovitz22@marketwatch.com,bwiltsher22,v8ehWiFLVd7
4512726,fchampain23@unc.edu,lcund23,W4eDMVWy4h
7667021,afenners24@archive.org,thewell24,647Aq4PBC
8186742,nmolan25@seesaa.net,icardo25,XDDm3Bkp
2235714,nbrum26@cbc.ca,edohrmann26,Lu24QQ
2641035,kdillow27@shutterfly.com,bkilford27,dyWSOXUOU
1113859,hmathwen28@noaa.gov,cbassick28,Gf9bKC
5387989,jphare29@wikispaces.com,dbourke29,HOyPCS
8930731,gdossettor2a@newsvine.com,hmintram2a,wJuEPc6
202512,bchimienti2b@typepad.com,ssaunier2b,UM5DsUxVSDK
2169612,jferrieri2c@geocities.jp,dgrinley2c,sPluM61B3T
3845203,rchatin2d@hugedomains.com,dkarpfen2d,wDkaueYcPU
8046633,aarrighetti2e@dailymotion.com,rfairburn2e,AUFcYXUkVK
6449508,rconelly2f@dailymotion.com,aantonopoulos2f,mz0fOJ
1544219,hdalesco2g@myspace.com,ndunn2g,sTBXG6
1092564,tsworder2h@bloglines.com,wslym2h,WkDci2YXW1kQ
2723460,cgilbeart2i@mozilla.com,cfromant2i,B9kbecZ
8008953,bphipardshears2j@dagondesign.com,rveschambre2j,cDLBk2Gto
2809474,lconkay2k@intel.com,gchristopher2k,Kvvds1wgh3h
7887252,vsillars2l@buzzfeed.com,ysyred2l,5skd9t
8762896,jsneden2m@paypal.com,fcrummie2m,mM3eQhOQJx
5405839,eallward2n@booking.com,ddowey2n,fjPtAemlxGVG
7173743,blamberti2o@nature.com,nminchenton2o,NG4jFQvOZ1Cm
1050876,tfrankcom2p@hud.gov,pmacgilrewy2p,iMSsIyc
1616745,dpease2q@sakura.ne.jp,rpigot2q,kNNxjOlmQbt
5033479,ccastiblanco2r@ox.ac.uk,mpottery2r,638wSfaVu
6258869,vmassingham2s@upenn.edu,twillmett2s,SaRO1MOp6o
4740030,lwythill2t@sbwire.com,gmccuaig2t,IVCqTx
2969464,mtimms2u@joomla.org,mdelabarre2u,pGO1wYybxtD7
1666887,dcothey2v@nih.gov,kwhittington2v,7B9pkewStMHV
2035378,jreschke2w@nature.com,btolliday2w,PhrrP2lJc3
5631188,ggally2x@blogspot.com,tgartsyde2x,8TvQDyIE
3128673,dbutterfield2y@china.com.cn,emcgucken2y,wVem3dJJA
8678942,lbussy2z@elpais.com,pfresson2z,StCUraqgL
6205105,ubroadberry30@merriam-webster.com,kclaypool30,Ne0fjNb9dL
1109080,lpanniers31@cam.ac.uk,pwethers31,BSzJXd
7837897,tespadater32@vkontakte.ru,edessaur32,2irEQbz5W4c
972636,zbiesty33@disqus.com,ilambourne33,V9VcfBOEut4
1586020,kmoulden34@newsvine.com,cohdirscoll34,sifKtqC
1645695,cpamment35@about.com,bshegog35,oxGeIwpg4t
3658465,mbrusle36@squarespace.com,egiamitti36,DnD7L7SI
6286347,dvoak37@theatlantic.com,rwaddell37,pv0st8uys
3489746,sstquentin38@sciencedaily.com,enavarre38,4kjyM5
3339194,slindermann39@wp.com,mtoby39,ugJbaC
7714829,jpires3a@vistaprint.com,cskene3a,Q6uat5
3789973,anegri3b@list-manage.com,phassekl3b,MxS6bG66X5
2050398,cgarvin3c@artisteer.com,fchellenham3c,gRAziXG
6118438,ivasilyevski3d@soundcloud.com,cpomroy3d,soAYfWE1aMS
4597101,msimmonds3e@statcounter.com,mofarris3e,6F4xSGT
5201782,ncockayme3f@addtoany.com,ecorney3f,D7W5bnx7Id
8826439,mgerretsen3g@arizona.edu,csuerz3g,AtAVBxgKno
4118350,aarnaudet3h@ehow.com,cesser3h,aXEiOqJT
5835182,prosenstengel3i@unc.edu,mpryell3i,sJgZjw8ODXHu
5714533,dscheffler3j@narod.ru,ftilt3j,kGXF5oBHthO
6994102,mrains3k@amazon.de,averdy3k,mW97gxlX
1739960,rstitle3l@state.gov,igreenslade3l,nBEQdZMHlCUX
354616,evergo3m@bandcamp.com,mmcmurty3m,x5bBSLXq50
4073812,emerkel3n@istockphoto.com,rhollyland3n,2INcSrYNSieQ
6363819,ebraxton3o@ebay.com,fkingsbury3o,WeG0Tc5
4061231,ntomes3p@shutterfly.com,umoppett3p,Xjgv6O
7742958,dboothman3q@home.pl,gnulty3q,0n8IMk4cWJx
8932286,rkryszkiecicz3r@linkedin.com,emattioni3r,0T4T8q
2093836,rfautley3s@kickstarter.com,bwhitley3s,eMMJ2gr1ed4k
8205968,kwissbey3t@mashable.com,bjaouen3t,kkhJrDERQR
5558921,dtudbald3u@ftc.gov,hwarn3u,VLqBhDJ3MCh
3916401,tduthy3v@wunderground.com,atinwell3v,MUmd0ijp
8927390,frodda3w@ted.com,sdaugherty3w,9ryu7MYzAGEs
6148440,wrandell3x@ehow.com,aeteen3x,XRMQvyTTM
4310364,amarshfield3y@hc360.com,cbagley3y,X8aWDrGc
7037002,tmorfield3z@devhub.com,kwolfindale3z,3uBNWF
5427001,rpaske40@google.de,tohogertie40,qkM0ho1D3J8
7142009,rdaniells41@marketwatch.com,ehuet41,8wvhwaIGq7kp
2613283,bgothup42@cloudflare.com,stilney42,GaS5g90v7
7324663,dcaughan43@homestead.com,tstave43,qbXAOmHIEz
2672709,aramsdell44@imageshack.us,mchesshyre44,OmH70U
4341064,fmquharg45@forbes.com,hmcguggy45,28mqaanC4bM
3555362,hmurie46@elpais.com,asummers46,DE0KL80VaWT1
7295366,lpetti47@google.ca,bcaves47,XOXNaed
6739119,amuskett48@t-online.de,wmurrigan48,dXzbVm7
3803849,abulcroft49@ted.com,msimkovich49,Mzih6Fe
2167866,dwrankmore4a@linkedin.com,bfoden4a,H8zlM2vb
5071512,tlogan4b@quantcast.com,ccrowth4b,Pbq1Yhc8cawA
5082637,vindgs4c@comsenz.com,echalder4c,fwR1gwTseV5
5707549,jzettoi4d@hud.gov,wbartali4d,Ib4Of3L
8364417,bjaksic4e@scientificamerican.com,vpollastro4e,W1e9mDX
2474942,fcarrett4f@illinois.edu,fhaythorne4f,vhojFlLmMvj
2632431,atossell4g@deliciousdays.com,dtrain4g,wS4GVRV84I
5031255,jpeachman4h@twitpic.com,kjobin4h,qHty3aucDdn
6780643,bbuckham4i@engadget.com,lconvery4i,KBQNvcdsOjp
2454396,cbealton4j@irs.gov,lswale4j,CAuH8i4zZ
3898168,hfayers4k@indiegogo.com,ajedrys4k,tXOMeS
3580946,rbrakewell4l@soundcloud.com,ctym4l,NS6NeV
8227700,zdennerly4m@cmu.edu,rgaitskill4m,domjzo
5261326,fwylie4n@examiner.com,ahardisty4n,YJCXFFnuGbIQ
8165526,mmableson4o@slate.com,wglaze4o,7Tl8sUGTr3
2169648,jovenell4p@soup.io,sblastock4p,c8mfBUyh1j9f
7772992,dkeeves4q@homestead.com,lmalicki4q,hpAFUSKm
6231184,sifill4r@bizjournals.com,lverdon4r,g9kgAAUr
7460414,ncordova4s@craigslist.org,ekennicott4s,t3yF2d
5459663,eshackleton4t@delicious.com,zclissett4t,NlqnBsHo
3810736,tdudmarsh4u@altervista.org,salenshev4u,hFacOIoswX6
5883608,bsudy4v@google.com.hk,nwhyborn4v,l91ItD3cv
7704203,mparsand4w@creativecommons.org,hmacfarlane4w,K31cSxd
4768433,vlloyds4x@t.co,kbinford4x,61ZOsBV0QVaL
8373837,mciotti4y@elegantthemes.com,lcoundley4y,FWAy7XRZ80Mm
2284698,chefferan4z@ucla.edu,cfassum4z,D2xZECz4
7619302,dbradd50@upenn.edu,lmaneylaws50,5f94ehn0oC
3114521,vholligan51@illinois.edu,gslinn51,b5vmnO
5719357,jbrenston52@npr.org,iechelle52,3PB9yZXaxdYk
6010380,avorley53@disqus.com,ajannequin53,4SxpVtiz
6642958,fgollard54@tinyurl.com,rgerckens54,02Cl3R0YKXpZ
8319037,gcrocken55@ox.ac.uk,kkliment55,C1zobGjZ
8497927,fgladwell56@arizona.edu,sleinweber56,F4Rsj6rOuz
8168696,prangell57@google.nl,bjessop57,0ZAwH9
6882448,mlewer58@moonfruit.com,cdanelet58,sTaEBZqT
6778897,wmcpartlin59@illinois.edu,emagarrell59,u9r4Dlv
8219735,cduligall5a@un.org,triba5a,dj0LLCNFY9y
7791957,drumble5b@oaic.gov.au,smalec5b,xUKwPdF
4532305,jodby5c@shareasale.com,jgodson5c,0nDKOdrjl
3274348,gmaccosto5d@about.com,rdocharty5d,hM9psS
6575756,mswancock5e@earthlink.net,fgilluley5e,qVCeiOp
8701734,nrickersy5f@prweb.com,lwyburn5f,736877PH
6772620,alamartine5g@globo.com,lstaniford5g,8CmDstnPQqLK
2661304,lcyphus5h@umich.edu,kmournian5h,uKGWVj
7443260,lseeger5i@hugedomains.com,gmoneypenny5i,ylUC0LAP
1278320,soutibridge5j@godaddy.com,bsayers5j,XwyLw16f
